,fold,acc,f1,prec,recall,roc_auc,inference_time
0,0,0.9976150621575428,0.9957205800671699,0.9932879355090605,0.9981651693756383,0.9991783522129709,3.704822808504105e-05
1,1,0.9976070428641922,0.9957061206008361,0.993289631082827,0.9981343965349782,0.9991306801300938,3.594327718019486e-05
2,2,0.9976209429726665,0.9957311855600877,0.9932861886489125,0.9981882490061335,0.9990546966044467,3.66675853729248e-05
3,3,0.9975995581903984,0.9956926158580808,0.9932932279594302,0.9981036236943179,0.9990440734941048,3.692499548196792e-05
4,4,0.9976000928099551,0.9956936041051303,0.993287575794696,0.9981113169044831,0.9991416888479625,3.7337511777877806e-05
