,fold,acc,f1,prec,recall,roc_auc,inference_time
0,0,0.8939343023828714,0.8712114936816043,0.9351216428035143,0.8154782758521667,0.9736758778708661,7.142666727304459e-05
1,1,0.8944383664786006,0.8719639729644004,0.9347549697592898,0.8170777934123998,0.9732391898694025,6.97680115699768e-05
2,2,0.8957067382884055,0.873673112441718,0.9351432979660829,0.8197857737702093,0.973715469585278,7.130920141935349e-05
3,3,0.8920911206393403,0.868675500863279,0.9348372088405907,0.8112597995577635,0.9728167215066884,7.163114845752716e-05
4,4,0.8946417607628423,0.8722594084580392,0.9346638655462185,0.8176664847945323,0.9738615187117639,6.959617882966995e-05
